{"cameraMode":{"drawMode":0,"name":"Shaded","section":"Shading Mode"},"sceneLighting":false,"audioPlay":false,"sceneViewState":{"showFog":true,"showMaterialUpdate":false,"showSkybox":true,"showFlares":true,"showImageEffects":true,"showParticleSystems":true},"in2DMode":false,"pivot":{"x":4.80836820602417,"y":-7.079038619995117,"z":14.633140563964844},"rotation":{"x":0.24458466470241548,"y":0.16460959613323213,"z":-0.04217613860964775,"w":0.9546220302581787},"size":17.922744750976564,"orthographic":false}