{"cameraMode":{"drawMode":0,"name":"Shaded","section":"Shading Mode"},"sceneLighting":false,"audioPlay":false,"sceneViewState":{"showFog":true,"showMaterialUpdate":false,"showSkybox":false,"showFlares":true,"showImageEffects":true,"showParticleSystems":true},"in2DMode":false,"pivot":{"x":0.0,"y":-0.010604139417409897,"z":-0.04239480197429657},"rotation":{"x":-0.3869099020957947,"y":-0.11876388639211655,"z":0.05032826215028763,"w":-0.913051426410675},"size":0.4303886592388153,"orthographic":false}